Workbook

Sheet Dados Brutos
C7: Consumo de combustíveis
C9: Estado: São Paulo
C10: Combustivel: Gasolina A
C11: Unidade: Litros
D13: Mês | E13: 2016 | F13: 2017 | G13: 2018 | H13: 2019 | I13: 2020
D14: Janeiro | E14: 549367895 | F14: 638044052 | G14: 546344795 | H14: 464951960 | I14: 458333230
D15: Fevereiro | E15: 596900832 | F15: 645411570 | G15: 531531503 | H15: 451496217 | I15: 457737397
D16: Março | E16: 655665374 | F16: 702766332 | G16: 616296244 | H16: 481640721 | I16: 397351630
D17: Abril | E17: 626827965 | F17: 647284602 | G17: 566441411 | H17: 491956015 | I17: 318791058
D18: Maio | E18: 565657167 | F18: 665739786 | G18: 509992407 | H18: 480641653 | I18: 353042861
D19: Junho | E19: 557533811 | F19: 652539035 | G19: 516976222 | H19: 454040425 | I19: 391800220
D20: Julho | E20: 551987871 | F20: 633175751 | G20: 455147785 | H20: 484079040 | I20: 443293102
D21: Agosto | E21: 578820845 | F21: 639728567 | G21: 501346119 | H21: 500305155 | I21: 432238844
D22: Setembro | E22: 571964973 | F22: 598641165 | G22: 452781991 | H22: 470854325 | I22: 461953403
D23: Outubro | E23: 622613943 | F23: 602037067 | G23: 458405095 | H23: 506361396 | I23: 0
D24: Novembro | E24: 666946718 | F24: 577307348 | G24: 464072251 | H24: 484227425 | I24: 0
... D26: Total | E26: 7293077015 | F26: 7644642731 | G26: 6150755482 | H26: 5801814527 | I26: 3714541745
C29: Elaborado pela União da Indústria da Cana-de-Açúcar (UNICA) a partir de dados publicados pela Agência Nacional do Petróleo, Gás Natural e Biocombustíveis (ANP) e pela Associação Brasileira das Empresas Distribuidoras de Gás Canalizado (ABEGAS)

Sheet Dados Tratados
B2: Fator de Conversão: | D2: 1000000
H3: Previsão
B4: Mês | C4: 2016 | D4: 2017 | E4: 2018 | F4: 2019 | G4: 2020 | H4: 2020
B5: Janeiro | C5: ='Dados Brutos'!E14/'Dados Tratados'!$D$2 -> 549.36789 | D5: ='Dados Brutos'!F14/'Dados Tratados'!$D$2 -> 638.04405 | E5: ='Dados Brutos'!G14/'Dados Tratados'!$D$2 -> 546.34479 | F5: ='Dados Brutos'!H14/'Dados Tratados'!$D$2 -> 464.95196 | G5: ='Dados Brutos'!I14/'Dados Tratados'!$D$2 -> 458.33323 | H5: 458.33323
B6: Fevereiro | C6: ='Dados Brutos'!E15/'Dados Tratados'!$D$2 -> 596.90083 | D6: ='Dados Brutos'!F15/'Dados Tratados'!$D$2 -> 645.41157 | E6: ='Dados Brutos'!G15/'Dados Tratados'!$D$2 -> 531.5315 | F6: ='Dados Brutos'!H15/'Dados Tratados'!$D$2 -> 451.49622 | G6: ='Dados Brutos'!I15/'Dados Tratados'!$D$2 -> 457.7374 | H6: 457.7374
B7: Março | C7: ='Dados Brutos'!E16/'Dados Tratados'!$D$2 -> 655.66537 | D7: ='Dados Brutos'!F16/'Dados Tratados'!$D$2 -> 702.76633 | E7: ='Dados Brutos'!G16/'Dados Tratados'!$D$2 -> 616.29624 | F7: ='Dados Brutos'!H16/'Dados Tratados'!$D$2 -> 481.64072 | G7: ='Dados Brutos'!I16/'Dados Tratados'!$D$2 -> 397.35163 | H7: 397.35163
B8: Abril | C8: ='Dados Brutos'!E17/'Dados Tratados'!$D$2 -> 626.82796 | D8: ='Dados Brutos'!F17/'Dados Tratados'!$D$2 -> 647.2846 | E8: ='Dados Brutos'!G17/'Dados Tratados'!$D$2 -> 566.44141 | F8: ='Dados Brutos'!H17/'Dados Tratados'!$D$2 -> 491.95601 | G8: ='Dados Brutos'!I17/'Dados Tratados'!$D$2 -> 318.79106 | H8: 318.79106
B9: Maio | C9: ='Dados Brutos'!E18/'Dados Tratados'!$D$2 -> 565.65717 | D9: ='Dados Brutos'!F18/'Dados Tratados'!$D$2 -> 665.73979 | E9: ='Dados Brutos'!G18/'Dados Tratados'!$D$2 -> 509.99241 | F9: ='Dados Brutos'!H18/'Dados Tratados'!$D$2 -> 480.64165 | G9: ='Dados Brutos'!I18/'Dados Tratados'!$D$2 -> 353.04286 | H9: 353.04286
B10: Junho | C10: ='Dados Brutos'!E19/'Dados Tratados'!$D$2 -> 557.53381 | D10: ='Dados Brutos'!F19/'Dados Tratados'!$D$2 -> 652.53904 | E10: ='Dados Brutos'!G19/'Dados Tratados'!$D$2 -> 516.97622 | F10: ='Dados Brutos'!H19/'Dados Tratados'!$D$2 -> 454.04043 | G10: ='Dados Brutos'!I19/'Dados Tratados'!$D$2 -> 391.80022 | H10: 391.80022
B11: Julho | C11: ='Dados Brutos'!E20/'Dados Tratados'!$D$2 -> 551.98787 | D11: ='Dados Brutos'!F20/'Dados Tratados'!$D$2 -> 633.17575 | E11: ='Dados Brutos'!G20/'Dados Tratados'!$D$2 -> 455.14778 | F11: ='Dados Brutos'!H20/'Dados Tratados'!$D$2 -> 484.07904 | G11: ='Dados Brutos'!I20/'Dados Tratados'!$D$2 -> 443.2931 | H11: 443.2931
B12: Agosto | C12: ='Dados Brutos'!E21/'Dados Tratados'!$D$2 -> 578.82084 | D12: ='Dados Brutos'!F21/'Dados Tratados'!$D$2 -> 639.72857 | E12: ='Dados Brutos'!G21/'Dados Tratados'!$D$2 -> 501.34612 | F12: ='Dados Brutos'!H21/'Dados Tratados'!$D$2 -> 500.30516 | G12: ='Dados Brutos'!I21/'Dados Tratados'!$D$2 -> 432.23884 | H12: 432.23884
B13: Setembro | C13: ='Dados Brutos'!E22/'Dados Tratados'!$D$2 -> 571.96497 | D13: ='Dados Brutos'!F22/'Dados Tratados'!$D$2 -> 598.64117 | E13: ='Dados Brutos'!G22/'Dados Tratados'!$D$2 -> 452.78199 | F13: ='Dados Brutos'!H22/'Dados Tratados'!$D$2 -> 470.85433 | G13: ='Dados Brutos'!I22/'Dados Tratados'!$D$2 -> 461.9534 | H13: 461.9534
B14: Outubro | C14: ='Dados Brutos'!E23/'Dados Tratados'!$D$2 -> 622.61394 | D14: ='Dados Brutos'!F23/'Dados Tratados'!$D$2 -> 602.03707 | E14: ='Dados Brutos'!G23/'Dados Tratados'!$D$2 -> 458.4051 | F14: ='Dados Brutos'!H23/'Dados Tratados'!$D$2 -> 506.3614 | G14: ='Dados Brutos'!I23/'Dados Tratados'!$D$2 -> 0 | H14: 663.352
B15: Novembro | C15: ='Dados Brutos'!E24/'Dados Tratados'!$D$2 -> 666.94672 | D15: ='Dados Brutos'!F24/'Dados Tratados'!$D$2 -> 577.30735 | E15: ='Dados Brutos'!G24/'Dados Tratados'!$D$2 -> 464.07225 | F15: ='Dados Brutos'!H24/'Dados Tratados'!$D$2 -> 484.22742 | G15: ='Dados Brutos'!I24/'Dados Tratados'!$D$2 -> 0 | H15: 1378.976
B16: Dezembro | C16: ='Dados Brutos'!E25/'Dados Tratados'!$D$2 -> 748.78962 | D16: ='Dados Brutos'!F25/'Dados Tratados'!$D$2 -> 641.96746 | E16: ='Dados Brutos'!G25/'Dados Tratados'!$D$2 -> 531.41966 | F16: ='Dados Brutos'!H25/'Dados Tratados'!$D$2 -> 531.26019 | G16: ='Dados Brutos'!I25/'Dados Tratados'!$D$2 -> 0 | H16: 3131.564
B17: Total | C17: =SUM(C5:C16) -> 7293.077 | D17: =SUM(D5:D16) -> 7644.6427 | E17: =SUM(E5:E16) -> 6150.7555 | F17: =SUM(F5:F16) -> 5801.8145 | G17: =SUM(G5:G16) -> 3714.5417 | H17: 3714.5417
M38: 5o | N38: 30
L39: Meses | M39: Consumo
L40: 10 | M40: =0.364*L40^5-9.772*L40^4+96.082*L40^3-412.84*L40^2+711.41*L40+71.252 -> 663.352 | N40: =-0.8629*L40^3+19.58*L40^2-119.18*L40+582.77 -> 486.07
L41: 11 | M41: =0.364*L41^5-9.772*L41^4+96.082*L41^3-412.84*L41^2+711.41*L41+71.252 -> 1378.976 | N41: =-0.8629*L41^3+19.58*L41^2-119.18*L41+582.77 -> 492.4501
L42: 12 | M42: =0.364*L42^5-9.772*L42^4+96.082*L42^3-412.84*L42^2+711.41*L42+71.252 -> 3131.564 | N42: =-0.8629*L42^3+19.58*L42^2-119.18*L42+582.77 -> 481.0388
